{"player1_wins":251,"player2_wins":229,"ties":0,"losses":[1.065856695175171,1.0388158559799195,1.0191988945007325,1.0003608465194703,1.0442219972610474,1.0118463039398194,1.0459260940551758,1.0471872091293336,1.044551968574524,1.05107843875885,1.0609287023544312,1.0363284349441529,1.000126600265503,1.097503900527954,1.063265085220337,1.0084681510925294,1.0143141746520997,1.0098849534988404,1.0376965999603272,1.018237590789795,1.0032647848129273,1.02077054977417,1.0423640012741089,1.0147689580917359,1.054813265800476,1.0397944450378419,1.009121060371399,1.0444210767745972,1.0122075080871583,1.0554901361465455,1.063704252243042,1.0115594863891602,1.0155161619186402,1.0066839456558228,0.9978549480438232,1.0153186321258546,1.0061824321746827,1.03616464138031,1.0261543989181519,1.0204652547836304,1.0249642133712769,1.033859133720398,1.0514227151870728,1.007664680480957,1.029791235923767,1.0781141519546509,1.0209710597991944,1.0520217418670655]}